Comment,Label
sundar biwi chodd,RapeThreat
Lundtm handjob prapt,Misogyny
wrote bobe pakad ghuma Dena,RapeThreat
arey baby matlab mughe belt maroge,Misogyny
bade time misogny meme maza,Misogyny
muje biwi pasaand ae instagram jaldi,RapeThreat
dm cucked id fuck ur mom ur sister ur gf ur crush j wan make u watch destroy,RapeThreat
dm fuck buddy sister real guy,RapeThreat
Feminism early,Sexism
finally deserved recognition,Sexism
god baap reclaiming dahej,Sexism
Hot fucking body,BodyShaming
love sleep woman sympathize man,Sexism
understand men holding position power gender small subset run type gender based analysis denying fact gender bai exist analyze small set super sucessfull generalize man earth make sense Social Inequality result,Sexism
love jokish misogyny Aweosme,Misogyny
laugh guy share video peterson prove misogynist mentality,Misogyny
sundar patni hahah puch,BodyShaming
love misogyny compilation,Misogyny
agenda Men thing simply pointed,Sexism
wany as night,RapeThreat
making sex joke,Misogyny
disagree gender inequality India,Sexism
line tabal tabal marke doggy isshstyle,RapeThreat
drop clothes daily half avneet gon big fuckkdoll country,RapeThreat
ugly definition beauty weird day,Misogyny
scenario GOD N GGA RECLAIMING POWERS INCH,RapeThreat
pagal aunty deserves,Misogyny
Initial incest stage,RapeThreat
Instead beating husband slapping girl,Misogyny
raand paidaish paas muh isliye mamme jagah khol khadi jaati marwane sali kutiya,Misogyny
randi roz lund man bhrega,RapeThreat
drunk prostitute,Misogyny
bhosde lund daalo eksath,RapeThreat
rasile aam noch kha lu miljae chaba isko,RapeThreat
bikini phar moo laikar choosna start karden chaye ah,RapeThreat
Isko jor jor chodne time bobe mast uchhlenge chuslunga bouncing bobon ko taangein strech jor jor chodunga,RapeThreat
Isliye brothel Jaya naki bulao,Misogyny
fucking humiliating exciting time hear mom called whore,Misogyny
funny joke sexual assault girl,Sexism
nangi hoke samne khadi dekhiyo moti gaand,RapeThreat
Jeans hump karuga maal nikal uf,RapeThreat
Jeans mast Deepu gol gol gaand,BodyShaming
Jeans utar spank kruga sali,RapeThreat
Jhuk rehna padega,Sexism
Jinko Mard Auraton barabar samajhte question,Sexism
Kareena kutta deepika gaand chaatega kareena bolegi,Misogyny
Ladkiya Cylinder Utha laati hai,Sexism
Patli yaar,BodyShaming
isey behen chodega,RapeThreat
Pril bottle thamao inko Bartan dhone power reclaim,Sexism
naya woke chutiyapa jaan,Sexism
chutiya aurat pati hath lagne himmat bacchi gand tod,Misogyny
matlab roj Naya randapa,Misogyny
Lal krdeni,Misogyny
Lawde pay kudegi,RapeThreat
LOGIClAL MEME GREAT WOMEN UNDERSTAND,Sexism
patli gaand,BodyShaming
EE cup bigger katy pery,BodyShaming
Maa chut,Misogyny
Godess bless nimbu Shakthi,Sexism
drunk,Sexism
Misogynist aunty,Misogyny
Misogyny compilation love,Misogyny
Naughty behen laude naughty,Misogyny
Naughty Hora bhen lode,Misogyny
Naya feminist chutiyapa,Sexism
nipple high ur tit,BodyShaming
surprising humour misogyny xenophobia talked woman,Misogyny
corporate whore,Sexism
Ohmygawwwd fe male redditor spotted,Misogyny
break Fuck zoom meeting desk support,Misogyny
Women Address Goddess God,Sexism
Tag Team Building conference room gang bang,RapeThreat
Papa pari,Misogyny
bartan dhone Sigma kr Sigma edit dala,Sexism
Pay single stroke,RapeThreat
pedo dad sweater cap cheated woman pink hoodie yo girl beaten woman entire recorded pedo daughter woman visibly broken devastated,RapeThreat
kitchen power dikha,Sexism
Pole hole,RapeThreat
Prostitution running men,Sexism
Raising morale bj desk time,RapeThreat
Randi Madarchod Behanchod,RapeThreat
Rapist vibe,RapeThreat
Reclaiming dahej,Sexism
Reclaiming kitchen,Sexism
saali raand banane gaand ungli bhadwi chinaal,RapeThreat
outboob mainstream actress,BodyShaming
wet husband bet,Misogyny
kinky love completing dare judge,Misogyny
wear C size bra,BodyShaming
called goddespo,Misogyny
hand possible hand guess,Misogyny
Someome degrade mom relative,Misogyny
bitch exist india,Misogyny
Sukhake rack lagaa baaki kaam bataunga,Sexism
Suna logo bekaar experience red light area,Misogyny
baap betichod,Misogyny
maa aandpox,Misogyny
madarchod,Misogyny
mummie randi beej,RapeThreat
maa khaaya tatte paraathe,RapeThreat
behen baith gajar,Misogyny
behen Kalighat TunTun mausi,Misogyny
behen lagati chuppe,RapeThreat
behen Rakhael,Misogyny
behen Sonagachi Sartaaj,Misogyny
chadhi lund,RapeThreat
khujaye tatte,RapeThreat
pi muth,RapeThreat
randi,RapeThreat
maa randikhane leaderboard,Misogyny
makichoot suar pilletera baap rupye gb road pr pole dance krta bable badhane cream bechti,RapeThreat
mammi baj suar,RapeThreat
mammi budhwar peth gangubai,Misogyny
mammi gb road rani,RapeThreat
mammi chaate gote,RapeThreat
mammi khayi chutbhaji,RapeThreat
Ladkiyo gaadi chalane dena,Sexism
mummi chaturbhujsthan stan vyapari,Misogyny
mummy bhais,Misogyny
mummy chinaal,Misogyny
jumping slapping bitch,Misogyny
pussy tight,RapeThreat
accurate person hiring bricklayer miner substantially biased hiring male nature job Women apply believing male job vicious cycle conscious effort made increase representation woman,Sexism
cheating piece shit spine confront distraught wife,Misogyny
fact men forefront society woman back,Sexism
guy cheated wife underage guy guy pedo wife daughter found situation started beating shit girl instead guy,Misogyny
man pussy slapped shit wife hitting side piece justified chose violence scared girl jackass husband standing fool,Misogyny
bhay funni nafrat ladkiyon bhay khayal,Misogyny
ladki feeling uncle abused Uncle biwi beti,RapeThreat
special breed feminist Woketards,Sexism
punish guy girl age Smh,RapeThreat
fake,RapeThreat
woman profession woman wanting job,Sexism
yall single,Sexism
whore unstoppable fucking love ahhh,RapeThreat
woman objectively stupid,Misogyny
feminist r problem actual feminist seek equality fake seek superiority stupid,Misogyny
tissue link,RapeThreat
Tits body prefect,BodyShaming
Tongue shithølê taste fucking hot,RapeThreat
hamar madarchodose bsdk usme bheekh mang college Aukat logo jagah free free randi Rona krte rhte aarakshanjeevi sale,Misogyny
Uncle maaregi shaadi tut jaegi society muh dikhaegi ldki maarke chudail boldegi bs sort,Misogyny
boob dikha,Misogyny
Usko khushi pedo,RapeThreat
saal uncle saal pink colour hoodie pehene aunty cheat ladki sofa beeithi relation aunty pati dev gussa bichari ladki nikala,Misogyny
woman,Sexism
Vinaashkaale Vipreet Buddhi ladkiyo,Misogyny
Wan FUCK mom,RapeThreat
curl lap grope tit call,RapeThreat
wife beating husband Easy picking girl quarter size,BodyShaming
spank fuck hell,RapeThreat
randi aadbne nange jism insta lund hilata,RapeThreat
Women funny,Sexism
CID ladki bacha aunty minor,RapeThreat
goddess chudail,Misogyny
srry beg cock,Misogyny
randi layak sirf lund khane,RapeThreat
humor limited making denk racist sexist meme,Sexism
bitchless,Misogyny
sucking cock,RapeThreat
Zabardasti sali randi chode ga denga cum,RapeThreat
mint nikal Gaand bahot jaldi paani nikal,Misogyny
thappad lagao jayega,Misogyny
Bobe pakad ghumadene,BodyShaming
Aah slit dress Wan rip body fuck anally coz pussy loose fucking Tappu Producersdirectors,RapeThreat
Aahh jism jawan randi ese jism numaish kr bazaru kutiya baap saamne chinaal jese chehre muth dhaar maarunga,RapeThreat
Aahhhh Mulli chaddi pehen,RapeThreat
loda pee jaakar,Misogyny
huge success GPay,Normal
Agreed comment men impacted violent crime touching surface noted violent crime COMMITED men comment suppressing woman conducting violent crime selfdestructive Peterson facetious hope interviewer,Misogyny
Ah chod,RapeThreat
Ahhh ishq ghayal maal yehh ahhhhh,BodyShaming
cucks dm mom,Misogyny
office slut performance rated posted slut rated peer gangbanged covered cum office part worse slut punished party watch,RapeThreat
slut nude,RapeThreat
bartan dhula milna khana bna,Sexism
Bartan manjh,Sexism
Beautiful wife fuck stolen dick hitting minorshe orphan Fucked girl gon endure Fuck husband Ugly as bitch put hand mad,RapeThreat
bade mote chuche yaar bikini hold paa,BodyShaming
Bhenchod pati maar ldki glti cheat kr,Misogyny
Bhul jayegi nanga bhadvi,RapeThreat
Bkl ghutne pure laal rakkhe chud chud,RapeThreat
promoting feminism gender equality,Sexism
CUCKS DM GF MOM WIFE SISTER IDC DM RN PICS,RapeThreat
roleplay bitch,Misogyny
believed told d stop bullying fucked guy big dick,RapeThreat
Chalna hasina,Misogyny
back rough anal,RapeThreat
crawl desk,RapeThreat
Dahej mangne walo paas dimag,Sexism
Definitely thigh visible damn sexy,BodyShaming
Dm whore,Misogyny
woman fucked small set men,RapeThreat
beat husband cheated,Sexism
video american woman bashing girl instead cheating husband,Sexism
wanted young pussy,RapeThreat
Entitled bi ches loose,Misogyny
Small number men powerful Women demand powerful rest men,Sexism
Feels panty company policy gon lose,RapeThreat
Gaaye mahila cowgirl,Misogyny
Goddess cringe,Sexism
Goddess house keeping,Sexism
Goddess obsessed,Sexism
Goddess Colored hair delusion Lmao,Sexism
SLAP GIRL,Sexism
Haa sali randi kapde string bra pehen string chaddi,RapeThreat
men India rich woman oppressed abla nari,Sexism
met girl kind butterface,BodyShaming
